<?xml version="1.0" encoding="UTF-8"?>
<project-private xmlns="http://www.netbeans.org/ns/project-private/1">
    <editor-bookmarks xmlns="http://www.netbeans.org/ns/editor-bookmarks/2" lastBookmarkId="0"/>
    <open-files xmlns="http://www.netbeans.org/ns/projectui-open-files/2">
        <group>
            <file>file:/C:/Users/ignite348/Documents/NetBeansProjects/Feedback_Form/src/java/com/tcs/ignite/Feedback_Form/Servlets/SendServlet.java</file>
            <file>file:/C:/Users/ignite348/Documents/NetBeansProjects/Feedback_Form/src/java/com/tcs/ignite/Feedback_Form/Utils/NewHibernateUtil.java</file>
            <file>file:/C:/Users/ignite348/Documents/NetBeansProjects/Feedback_Form/src/java/com/tcs/ignite/Feedback_Form/Services/UserService.java</file>
            <file>file:/C:/Users/ignite348/Documents/NetBeansProjects/Feedback_Form/web/index.jsp</file>
        </group>
    </open-files>
</project-private>
